{
  "rho1": {
    "count": 21990624,
    "mean": 0.3013208210468292,
    "var": 0.156142920255661,
    "min": 0.0057181562297046185,
    "max": 3.292924165725708
  },
  "rho2": {
    "count": 21990624,
    "mean": 0.29607710242271423,
    "var": 0.23783186078071594,
    "min": 0.0007650930783711374,
    "max": 4.24601936340332
  },
  "computed_at": "2025-09-07T15:15:52.179647"
}