{
  "rho1": {
    "count": 280342864,
    "mean": 0.47635647654533386,
    "var": 0.2603008449077606,
    "min": -0.5195318460464478,
    "max": 40.23203659057617
  },
  "rho2": {
    "count": 280342864,
    "mean": 0.5204824209213257,
    "var": 0.31804847717285156,
    "min": -0.6936925649642944,
    "max": 39.9913330078125
  },
  "computed_at": "2025-09-07T15:19:43.835382"
}