{
  "rho1": {
    "count": 1930242216,
    "mean": 0.023325743153691292,
    "var": 0.004906339105218649,
    "min": -0.08606663346290588,
    "max": 9.239446640014648
  },
  "rho2": {
    "count": 1930242216,
    "mean": 0.027599452063441277,
    "var": 0.009302322752773762,
    "min": -0.2744322419166565,
    "max": 13.962993621826172
  },
  "computed_at": "2025-09-07T15:57:46.737072"
}