{
  "rho1": {
    "count": 1355173232,
    "mean": 0.8173090815544128,
    "var": 0.9918793439865112,
    "min": -0.9877644181251526,
    "max": 43.47690200805664
  },
  "rho2": {
    "count": 1355173232,
    "mean": 0.7974297404289246,
    "var": 0.9178110957145691,
    "min": -1.2803301811218262,
    "max": 40.480560302734375
  },
  "computed_at": "2025-09-07T15:03:15.291163"
}