{
  "rho1": {
    "count": 1136031728,
    "mean": 0.45693618059158325,
    "var": 0.6414723992347717,
    "min": -0.8446912169456482,
    "max": 43.378780364990234
  },
  "rho2": {
    "count": 1136031728,
    "mean": 0.45812925696372986,
    "var": 0.5829929709434509,
    "min": -1.2442445755004883,
    "max": 39.99922180175781
  },
  "computed_at": "2025-09-07T15:35:29.590487"
}