{
  "rho1": {
    "count": 133152960,
    "mean": 0.9678580164909363,
    "var": 0.9146320819854736,
    "min": -0.4820476472377777,
    "max": 42.75575637817383
  },
  "rho2": {
    "count": 133152960,
    "mean": 0.9603489637374878,
    "var": 1.0060632228851318,
    "min": -0.6671967506408691,
    "max": 39.721492767333984
  },
  "computed_at": "2025-09-07T14:41:40.914171"
}