{
  "rho1": {
    "count": 93312000,
    "mean": 0.7699238657951355,
    "var": 0.11960354447364807,
    "min": -0.3288618326187134,
    "max": 13.2517728805542
  },
  "rho2": {
    "count": 93312000,
    "mean": 0.7840286493301392,
    "var": 0.16670887172222137,
    "min": -0.38501089811325073,
    "max": 12.402580261230469
  },
  "computed_at": "2025-09-07T15:09:06.761057"
}