{
  "rho1": {
    "count": 10653440,
    "mean": 0.29880183935165405,
    "var": 0.2627464830875397,
    "min": 0.021911872550845146,
    "max": 8.158065795898438
  },
  "rho2": {
    "count": 10653440,
    "mean": 0.3006904721260071,
    "var": 0.28041744232177734,
    "min": 0.005020784679800272,
    "max": 7.052863597869873
  },
  "computed_at": "2025-09-07T15:12:50.305796"
}